seq.g	seq.m	noncodingRNA_fam	feature	label
CAGCACCTTACAGTTTGCAAAGAACGTTCACACATTCTCATTTGAGTTTT	TAAGGTGCATCTAGTGCAGATAG	mir-17	three_prime_utr	1
GTTAGCTTACAAGCTGGGAATATAAGTGCATTAACGGCCCACATGAGTCA	TATTGCACTTGTCCCGGCCTGT	mir-25	three_prime_utr	1
GGCCAGGCTCGTGCCGTTTTGCAGACGCCACCGCCGAGGAAAACCGTGTA	ACTCGGCGTGGCGTCGGTCGTG	mir-1307	five_prime_utr	1
TATGTCTCAGATCTTCCAATTAATTAGTAAGGATTCATCCTTAATCCTTG	TAAAGTGCTTATAGTGCAGGTAG	mir-17	three_prime_utr	1
TAACCAGGCCGGACCACGTGCAATAGGGTGGAAACCAAACTGCTCCATGC	TATTGCACTTGTCCCGGCCTGT	mir-25	three_prime_utr	1
GTGTATTTATTTACTATAATGTTAGCTTACAAGCTGGGAATATAAGTGCA	TATTGCACTTGTCCCGGCCTGT	mir-25	three_prime_utr	1
GAACAGTAATAATAGCAATAGCTAACAACATCTGCACAGCACCTTACAGT	TAAGGTGCATCTAGTGCAGATAG	mir-17	three_prime_utr	1
TTTGAAAGTAATATCTGCATTCCTTTTAAGATGTTCTGTAAGTCATATTT	TAAGGTGCATCTAGTGCAGATAG	mir-17	three_prime_utr	1
GCAAGTAAATGCAGTACTGTTCTGATCCCGCTGCTATTAGAATGCATTGT	TAGCAGCGGGAACAGTTCTGCAG	mir-503	intron	1
ATATGTCTCAGATCTTCCAATTAATTAGTAAGGATTCATCCTTAATCCTT	CAAAGTGCTTACAGTGCAGGTAG	mir-17	three_prime_utr	1
