gene_id	gene
1	GCTAACAACATCTGCACAGCACCTTACAGTTTGCAAAGAACGTTCACACA
2	GACTGTGCTTAAAGTCTCGTGAAATCTTTCTCAGTCAGCCTATCCTACTA
3	TCTTCCTTTTCCCCACGTTCAGTGTAATCTCACTGAACAGTAATAATAGC
4	CACACGCGCACAGAGACAGACATGCACAGATGGGCACACTCACGCACGGA
5	AACCTACTCCAATGCTAAAACTAATCGTCCCAACAATTATATTACTACCA
6	GCTAAGATCAAGTGTAGTATCTGTTCTTATCAGTTTAATATCTGATACGT
7	CTATTTAGCTGTTCCCCAACCTTTTCCTCCGACCCCCTAACAACCCCCCT
8	ACAGAGCCATATGTACCCTACCCTGCACATTGTTATGCACTTTTCCCCAA
9	ATCTGCTCTTAGACACGGCCTTGCCAGGAGAGCCTGCCCTCAGACTGCAG
10	CGTATGGCCCACCATAATTACCCCCATACTCCTTACACTATTCCTCATCA
11	CACTCCATCAGCACTAGCACCTCACTCCATCGGCCCCGGCACCCTGCTCC
12	GTAAGCACTTTATCTCCAGAACTGAGAGCAAAGTTAACAAATCTCACCCC
13	TTGGTAAAAACTGCATGATGAATAGCACCTTAATTTCAAGCAAATGTATT
14	ATGCAGTACTGTTCTGATCCCGCTGCTATTAGAATGCATTGTGAAACGAC
15	ATGCTAAAACTAATCGTCCCAACAATTATATTACTACCACTGACATGACT
16	GTCTTCATCTGAATTTCAGGCTGGGAGGGAGCAATATAACTAAGGACAAA
17	CCCAACCTTTTCCTCCGACCCCCTAACAACCCCCCTCCTAATACTAACTA
18	GCTCCTCAGTCAACAGCTACAGCCAATTTTGCTAACTTTGCACATTTCAA
19	GAACACAGCAGACCTAGAAATGTAGCAGCAGCCTACTGAGTAGCTTTCAT
20	TCTCCTTGTCCCTGCTTGGCTACACTTCCCTGGGCTCCACCTCCTCCCAG
21	TCCAGACATCCATCTGTCCACCCATTCATCCATCCATCCATTCATCCATC
22	TGCACACAGACCTCACACACCACACACACACAGACCTCACACACACCATA
23	TACACCAACAGACAGGCACACGCACATAAACATAGACATGCACAGATGGA
24	GCAGTTGGTTCCGCCGAGGGCCGGCCCCTCAGGACCAGGCGGGCCCCGGA
25	TATTTGATGGTGCCTGCAGTTCTCTTAATGCACTTTAAAGCTTCACAGTT
26	TTGATAAATTGCACACTGCACTTTCTGAGTTATGCTTCTCTATAAATTAT
27	AGTATTGTTACTCTGTCTATCATTTGCACAAAGCACTTTTATATGTTCTT
28	GGAACCAGCCTCATTTGATTCCTTCTATTTGCACAAGTCACCTTGGACTG
29	GACTTGTTGACGACCCTAGGGCCATGGTGGGCCGCTTGAATGAGCTGCTT
30	AGCTGCTTCAATTCTGAGTCCTCTGGACTTCCCCTGCCTATCTGTTTGTT
31	ACCGTATGGCCCACCATAATTACCCCCATACTCCTTACACTATTCCTCAT
32	ACAAGCGCAGACGATTTCAGAAAACCAAGAACCTGCTGACAGGAGAGACA
33	AATCTGTGTCTTCCACCAAATCCAAGTCTTCCAGTAAATCTAGTTCTTCC
34	ATCAGTGTCTTCCAGAAAGAAATCCAGGTCTTCCAGTCAATCAGTGTCTT
35	CCATCGAAGCCTCCAGTCATTGAGGGGCTGAGCCCCACTGTTTACAGGAA
36	CAACGTGGACAAGCTCGTGGAGGACCACCTGGCAGTGCAGTCGCTCATCA
37	AGAGATCTTGCCGACTGCACCAATGTTGGTTACAGGGAATCCGGGTGTCC
38	TTCATCCTTAATCCTTGCTAGTTTAAGCCTGCCTAAGTCACTTTACTAAA
39	AAGGAAAAAAGAAAACGGAGAGAAAAAAAGGTGGGTCATTGACAGACTGT
40	GAGATGGAATAGGAGCTTGCTCCGTCCACTCCATGCATCGACCTGGTATT
41	CACATGGACATACAGATATAGCGACAGGCACACACAGACGCAGACATGCA
42	GAAATACGTTTTTGTACCTCTCATTTTCAGTCAGGGACATACTTTGTGCA
43	TAGCAGTTCTAGTAGCAGTTCAACCAGTAGCAGCAGTGGAAGTAGTTCCA
44	TCGGCCACATCCAGCAGCAGTAGCAGCCGCAAGGACCGGGACTCGAAGGC
45	ATATGTAGCAGTCTCTCTGGATGGCGGAGAGTGAAGGAGACGGAGAAACG
46	CACCATGCGGGGACCAAGGAACTAGTGCCGAGCGTAAACTCCCTCTTAGA
47	CAGGCAGTGCGTGTCCGCGCACCAACCACACGGGGCTCATTCTCAGCGCG
48	TAGGCCTTCTTACGAGCCAAAACCTGCCCCTACTCCTCCTAGACCTAACC
49	CAGGAACAGCTGGGAGGCAGGTGAGGCTACAGCAGATGAGGAGAGGGGAG
50	GGTTCCGCCGAGGGCCGGCCCCTCAGGACCAGGCGGGCCCCGGAGGAGCT
51	ACGCCATTGCACTGATTAATGCACTTTTTCTGAAGGCTCCTGAGGACAAA
52	ATTCAGCTTCCTACACTATTAAAGTTTACCACAACCACCACCCCATCATA
53	AGGGAGGGACAGCCCAGGCCGTGGAGCGGCTTCTGAGTTTCCCGTGAGCC
54	AATAGCATCTACTATGTGCCAGCCCAGCACTGTTCTAAGCACTTTACAAA
55	CACACACGGACACATGCAGGACACAGATACACTGACAGGTACACACATGG
56	TATCAAACTCCTGAGCCAACAACTTAATATGACTAGCTTACACAATAGCT
57	CTCCCTGCGCTATAGGGTCACTTTAAGCTCTGGGGAAAAAGGAGAAAGTG
58	ACCTTCTGCACCTACACCATCTGCACCTACATCCACTGCACCTCCACCTT
59	AGATAAGGGCACCTTCTCATGGACTCCCTTTGCTTTTCAACAAGGAGTAC
60	TTGAGGCCGATGAAGTTCTGCTGTTCGAAAGAGCTACATTCTTGGTTATT
61	GCCCTGATCGGCGCACTGCGAGCAGTAGCCCAAACAATCTCATATGAAGT
62	AAGGTCTTCCAACAACTCCGGGTCTTCCAGCGACTTCAAGTCTTCCAATA
63	CAGCACCCCTCACCCCTGTGGCTCGGGACACTCCGCGACACTTAGCCAGT
64	CGAAGGATGACAGGGATGTGCTGCCAGGTTGCTATAGAAACCCAGGCTCT
65	CTGGTACCAGGTGCGGTGCCTGTTCCAGTCACCACTGTTCGCCAAGGCAG
66	CAAATTCCAGTCGCTCTCTTCTGCTCTCTCTCTCTCTCTCAGTAAAATCT
67	CCGGACTGTGTATTTATTTACTATAATGTTAGCTTACAAGCTGGGAATAT
68	GAACTTCCAACACACACTTACACACACAGATACACACGCACATGTGCATG
69	CCCTCTCTACTCGGGCCACGAGCATCTCCACACAGCTTCCAGATGACCCA
70	TCCTGTCCTTCAAAGTACTTGATAGCCTTTCATAAGGCCTGGCACATGTG
71	TTTCCAAGTTTTGACTCCCCTCCAGAATTTGCTTTTATTTGTTTTTCAGA
72	TGGAGGCCACCCTCTACAAAGCTTTATAGAACTTCTGGATCTAACTCACA
73	ACCCCTTTCCTCCCCATACACACACAAACCATTTTATTTTTTGGGCCATT
74	TAAAGCTTTTGACTTGGAACTGTGTAGTGTGTGGGAAATAAATGGTGGAG
75	AACAACCCAGCTCTCCCTAAGCTTCAAACTAGACTACTTCTCCATAATAT
76	TTCCCTTCCGGCAGGGAGTGCCCTCTCCATAAGACGCTTACGTTTGGACA
77	GCCCAGCCCAGCTCCCCCGACGCCCGGCGCAACGGCCAGGAGAAGCACTT
78	TGTGGAGGGTGCGCTGGGTCCTCCAGCACTGCCGGCCTGCCTGCACTGCA
79	CAAACTAGACTACTTCTCCATAATATTCATCCCTGTAGCATTGTTCGTTA
80	CGACAGCCAGACCACAACACCAGATTGTACCCAGATAGCTGGGATTGGAA
81	TGGTGCCATGCCGCAGCACATTCCTAGTGCTTCACATATGTTCCTTTCTA
82	CACACCACATACTACACACACACCACATACCACACACACTACATACCACA
83	GCATCGATCACACACCCCACTCACACCACGTACACAGTCACACACGCACA
84	CACGTCACATCAGCGTCGATCACACACCCCACTCACACACATCACGTACA
85	CACACATGGAGACACCCACACATTGACACACTCCCACCACATACTCAGAC
86	AAACCAACCAAGTAAATCCCTTCTCTAATTTTCTTCATGTTGACCCTAGA
87	GGAAGATGGCGGTCCTGGGGTAGAGTTTGCAAGCTTTCTGACTAGGCTAG
88	GAAGTCCTAGGAAAGTGACAGCGAGGGCTGTGAGTTTTAGGTAGAGGGGG
89	TGGTGCGACAGCTGCTGGATGACCACAAGGATGTGGTGACCCTCTTGGCA
90	CTATCATATAGTAAAACCCAGCCCATGACCCCTAACAGGGGCCCTCTCAG
91	AGCATCCAGTTCCTCCCCAGCCCTGCTCCCAGCAAACCCCTAGTCTAGCC
92	TAGTTCTTCCAGAAAAATCTAGATCTTCCAGTCAATCAGTGTCTTCCAGA
93	CCAGCATTCCTGGCCCTCCAGGACCTCCAGAGTCATCCTACAAATGACGT
94	TTTTCAATAACCAAGGTAGCCTTCATATGTAGCCTTAAAGCATTACCTCT
95	TGACACCCACAGTTATGCCGGATGTTGCCAGATGCCCCTAGGGGACAGAG
96	CTGAACCATGAGCCAAATAAGCCTCTTTCTAAGTTACCCACAGCCTCAGA
97	CTGTTTTCTAGGACCCAGCGTATGTAGCATTTGTATTGCAGTTTCCCTGG
98	TCAAACCCAGCAGCTATTCCGCATGCAGCAGAAGATATTCAAGGAGATGA
99	TAAAACCCAGCCCATGACCCCTAACAGGGGCCCTCTCAGCCCTCCTAATG
100	TCCTGCCAAGCGGCACGAAGGGGAGATGTACAGCGTGCCATACAGCACTG
101	ATCACTAACCTGTTTTCTAGGACCCAGCGTATGTAGCATTTGTATTGCAG
102	AGCCCGAGCAGAAAGAGGGCGACACGAAGGACAAGAAGGACGAAGAGGAG
103	TAGCCATGGCCATCCCCTTATGAGCGGGCGCAGTGATTATAGGCTTTCGC
104	AAGACGACATATTGATTATTCATGAGCCAGCGCCACTGCCAGGACCTCTG
105	TTCCTCATCACCCAACTAAAAATATTAAACACAAACTACCACCTACCTCC
106	CCCACATTGCACACACTGTAAGAAATGCACTTTCCGAGGAAGGGGATGGG
107	CCCTCACATTCACTTTCCCCCTCATTCACATTCACTCCTCCCTCACTCAT
108	TCTCTACTAAGAACTCTTTCTTAAATGTGGTTTGTTACTGTAGCACTTTT
109	TATCATTCATGACTTAATACCTGAAATGCACTTTTAAATGTTTGCCTTAT
110	AAAAAGTTTCTCGTGACTGAGAGCCCTGCCAAGTTTGCACTTTATAAGCG
111	GTCCCAACAGAACCTGCATGTGTACATCTCAGAGCACGAGCACTTTACAG
112	TTCATCACTTTTAAAGCCCTATTTAAAGGTTTCTTTCCAAAACCCTTGAA
113	CACTCTCCTAAGCACTTTATGTATACTAACTCACTTAAATTTCCCAACAC
114	GGAGTCCTGGATACCTTGATGTTTAGCACTTTAACCCCCTTTGTCTTTAA
115	CAAGTAACAACAACAATTGAGAGGATGGTAGAGGAGGAAGAAGAGTACGA
116	TATCATTTGCACAAAGCACTTTTATATGTTCTTGTCTTGTGAAGTGGAGT
117	CTTCGCTTAGAATGCCAGAATAATATAGTTCAAGACCTGAAGTTGCCAAT
118	CACCGCAATAGACCTACACACACACAGGGAGCTATGCATACATGCACACG
119	ACAGACACATATTCTCATATGCATACGCACTTGCACACAACCCTCGCACG
120	ACACACACACAGACACATTCCATATACACACACACATTCCCTACATACAC
121	ACAGATGGGCACAGACAGACACGCACGGACACACAGATACACCAACAGAC
122	AACTGCATAGGTACATCTAACTCTGGACTGGCATGCACATTGTCATGTGC
123	ACCAGTTTACTAACAAAATTGCGAAGAAGGACCGCGTGGAAGGAAGGACG
124	CTAAGGACCACTGTTTTTGGTAGCAATTATATGGTTACTATCCACTGCAG
125	ATCTGTATGTGAGGCACCCATAACAGTAGTTTTGCCTGTGAGTCGTCTTC
126	TCGCATCATAATCCTCTCTCAAGGACTTCAAACTCTACTCCCACTAATAG
127	GAAAAGATTGCTGTCCACTGCACAGTTCGAGGGGCCAAGGCAGAAGAAAT
128	CTGCTGCCAAGAAAGACTGAGCCCCTCCCCTGCCCTCTCCCTGAAATAAA
129	AACACAATTTGAAAAGCATTGAATTTGTCTACCTGCACCTTCACTTTGCA
130	CACACCCGGGTTTCCATGCACACACCCGGGTTTCCATGCACGCACCCGGG
131	GGGTAAGATGTTCTAATCATCTACTATATACACCTGTACTATTAGGCACT
132	AGAAATCACACCAGCAGCATTCAGCACTTTAACTACGGCATCAGTGGAAG
133	CGTCCTAGAATTAATTCCCCTAAAAATCTTTGAAATAGGGCCCGTATTTA
134	CCTAATTGGAAGCGCCACCCTAGCAATATCAACCATTAACCTTCCCTCTA
135	GTTATCAATACCGTGGCACAGGTCACTTTTGACATTTTAATTTATTACTT
136	GGCCCCAGGGCCACAGCTAGCCTGCATGTGTGTACTGCACTTTACAGTTT
137	TTGGACCCCCTGAGATCCAGCCCTACTTCTTGCACTGATAATGCACTTTG
138	TGAGACTATGCACAAAGCACTTACTACTGCGGCCCCCGTAACTAGCGCCC
139	TGGCCAACTCCGTGCCCCCTTCGGAGGCATGCAACCATGCAGTCCTAGCC
140	GCACAAAGCACTTTTATATGTTCTTGTCTTGTGAAGTGGAGTTAATCCAC
141	TTATACCTGCTTCTTTAATAGCCACTTTCCCTAAATACCCTGTAATTTCT
142	AAGGCCAACAACCCCAACCACTGCAACTGCATCATAGACCAGATCTTCAC
143	GCTGGTGGTGAACTGCTGCACTGAATTCATTCACCTTATATCTTCTGAAG
144	GATGTGGGTCTCCAAAAAGGAATATGAGGAAGACGGTGCCCGATCCATCC
145	AAGTTCGATGCAGCAGATACCTTTACACCCTGGTCATCACTGACAAAGAG
146	AATAGCACCTTAATTTCAAGCAAATGTATTATAATTAAAGTTTTATTTGC
147	TCTTGGTAGGGTGTGGTTTCCCGACATGATGCCCACTTGGTAAAAACTGC
148	GCTTGCACAGCACCTTAGGCGAGGGAAGAATATACGGATAGGGAATGGGG
149	CATCCTTGATGCTGCACTAATTGACTAATCACCTACTTATCAGACAGGAA
150	GCAGGCAAGGTGCCAAAGGACAGGCGGAGACCGGCCGTCATACGCGAGCC
151	TTTTGTGAAATGCTGCTACCAGTTTACTAACAAAATTGCGAAGAAGGACC
152	ATAGATACTTACTCTGATGTAGGAAGATACATTGACCATTATGCTGCTAT
153	CCAGTTTTGCTGCTATAATTCTATACTGTTGATTCGTCTGCGATTTTATC
154	TCCTAGTCCTGTATGCCCTTTTCCTAACACTCACAACAAAACTAACTAAT
155	ACTAATCAAACTAACCTCAAAACAAATGATAACCATACACAACACTAAAG
156	ACCTTTTCCTCCGACCCCCTAACAACCCCCCTCCTAATACTAACTACCTG
157	GTGGTTCAAAAGTGCATTATTTAGTTTGAGCTCTGTAGGTAAAAAGGAGG
158	AGCGGCTCTAGCGGCAGTAGCAGCAGCGCCGGGTCCCGTGCGGAGGTGCT
159	CCGCAAGTGCAATGCCTGAGGGGATCAGGCTTTTCTACTCCAGGCAAACC
160	TATATGTTAATACCGGGGCATTTTGATGTTGCAATAAATAAGAAGAGGTT
161	AGTTTTACATGTTTCATGGGACATTCTTCTGTGCAATAAAGTTTGAGAAG
162	TGTTTGCAACAGTGTTCTAACTATTAACGCTACGATGCCTGAACCTACCA
163	AGACACGTCCACTCAGCTGCTCTTCTGCTCTCCTCTTCCGAAACCGGGAA
164	GATTTTATCGGAATGGGAGGTGATTCCTAGGGGGTTGTTTGATCCCGTTT
165	AGGTGGGAGGCCGAGCCAAGCAGGGGGACGTTGCCAGAGGGGACCAGGGC
166	GAGTTATGCTTCTCTATAAATTATGTACCAAACATGGTGGTATGGGAACA
167	CAAATCCAGGTCTTCCAGTCAATCCACATCTTCCGGAAAAAATCCAGGTC
168	AGAAATCCAGGTCTTCCAGTCAGTCAGTGTCTTCCAGAAAAATCTACGTC
169	AGACTATCCATGTCTTCCAGAAAATCCTTGTCTTCCCTCAAATCCATAGC
170	TTCCAGAAAATCCACGTCTTCCAACCAAGCCATGTCTTCCAGAAAATCCA
171	GCCAAGGATGTCCGCATTTGCTGTCTGCTCTGCCTGAATCTCTCCTGCTT
172	CATGTTAACTTTAAATGCTTACAATCTTAGAGTGGTAGGCAATGTTTTAC
173	GTGCAGCCCCCTGAATCTTCTCCGTGCAGCCCCTTGGGGCGCGACCTTGT
174	CAACAACCGACTAATCACCACCCAACAATGACTAATCAAACTAACCTCAA
175	CTTTTATGGCCCTATGATCTATCCTTTACTTGAAAGCTTTTGAAAAGTGG
176	ATTCTTTCAATGAATGTCAGTAGGACCTTCCTTTAGCTGTAAGACTTGGT
177	AAGCACCATCACCACCGCGGCCCCGATGGTGATCCCAGCTCCTGCGGAAC
178	AATCTCAATTACAATATATACACCAACAAACAATGTTCAACCAGTAACTA
179	GAGCATGCCCACAGGATTCGGCACTCCTGCTCCCTACAGTCTTCCCACCA
180	TCACCTCACAGGTGGTCCTTCTGCCTGCAGGTATGAGAAGCGGCTTTTCT
181	AGGATACACTCCCTTGATGGAAGCTGCCCGGGAAGGACATGAAGAAATGG
182	GAGGTCAACGATCCCTCCCTTACCATCAAATCAATTGGCCACCAATGGTA
183	CAGGCCCCGTGGACCTGTCCTGCCTGGCCCCCAAGGCCATACTTACCCCC
184	GCCAGGCACTGTTTAAGCACTTTATGTATGTTTATTTAATCCTAACAATA
185	GTAGTCCGAGGAGCGGCCCCTGGGCGCCAGCGCCATGGGTGGAGGCCGTC
186	TTTGGGAGAAGAACAGATTAAACCTGTTAATCCTGTCTTTTGCATGCCTG
187	TTCGAGAAGAAAACAAACTCTACAAAAGAACTGCACTTGCACTTCATTAC
188	TGTAATTATGATCATTATGTTGATATTTTAGTCAGGGTTTTAAATGCACA
189	ATGAAGTCCGAGAGGAGACCCCCCTCACCTGACGTGATTGTGCTCTCCGA
190	CCCTCGCCGACAGCCAGACCACAACACCAGATTGTACCCAGATAGCTGGG
191	GGAGGAAGCACTTTACTCCCACCAAATGTCACAAATGAATTTCCAGAATA
192	GTAGTGGGATCGCGCCTGTGAATAGCCACTGCACTCCAGCCTGAGCAACA
193	TCCTAGCCAGGAGGGCCTGCCCCTGGAGCATGTGGCTGGGGACCGGTGCA
194	AACCCAGCTACGCAAAATCTTAGCATACTCCTCAATTACCCACATAGGAT
195	AAAAGAATTTTCAGCAAAGTACAAAAATTTAAAGCATTCCTTTCTTTAAT
196	TCGTCAGGCCCACCTGTACCGTGGCATCTTCCCTGTGCTGTGCAAGGACC
197	CACAGACCTCAGACACACCACACACACACAGACCTCACACACCACACACA
198	CACACACTACACATACACGCCACTACACACACCACTACACACACGCAACA
199	TCACCCCCCACCCCCAACATGTGGGCCTACACACGAGTCCATCCAGCTGC
200	CGCACACATCCATACAGTCCACACCATCACACACACACCCGCACACATCC
201	CACACATGCACACCACGCACACGCACATCACATGCACACGCCACGCGCCT
202	CACCTACATACACCTACACACACATACAATTACAGTTACATACACTTACA
203	ACACACACCACATGCACTCACACACACCACATGCATTCACACGCACCACA
204	ACACACACGGCACACACAGGCACACACTCGTGCACACACATGTACACAGG
205	GAGTCACTGCAGCCAGCAGGGGTGGCGTGCAGACAGGAGGGCCTAACTCA
206	AACCCACCCCTACACACACATTCACACACACGCAACCTACCCGCAAACAA
207	AGAGCTGGTTCTAGGCCTGTGTTATATGTCATATTTAGCGTTTTTATATA
208	TTCCCGGGGCAGCAGGTGAGGAAGCCGCCGTACTGCAAATGACTTTAATC
209	GGTGCTGTCTTCAATCAAGTAGCCTTCCCACTGCAGTACACACCCAGGAA
210	GCTGACACGCTGGCTGCAGGAGTTCACCCGGCACCACGGCACCATGAGCG
211	CCTCGGGGGGCACCCCCCCGCCAGCCTGCCTCCCTCCCGCTCAGCCCTGC
212	AGGCCAATACACCTATGGTCAAGGCACCTATGGGGCAGCTGCTTATGGCA
213	GAATAATAGCAGTTCTACCGTACAACCCTAACATAACCATTCTTAATTTA
214	CTGTCCAAAACGGCGTGTAAGAGCTTCGAAGGACCACCATCACTAAGATA
215	GAGGAAGATAAAGCATCTTCTTTTGGGAGGGGGGTATCTCATGTCTAAGT
216	GGAGCATGCCAACAACTACCCTGAGATTGCTGCAAAAGATAAGCTGACGG
217	CGAGTCGCTGATGGCCCTCTGTACTGACTTCTGCTTGCGCAACCTGGATG
218	TACCCTTGACTGCCCCTTCTATGCTGCTTCCAAAAGTGATAGTGTGTGTA
219	AGCCAATGGTAAAGCAGCCAGTAGCAGCAGTAGCAGCAGCAGCAGCAGTA
220	CTGTTTTAAACTCCAGTAGTCCCTAGAAATTGTAGCTCCCTCTAGTTGTG
221	TGTAGCTACAACACTGCCCAGTTATGATGAAGCGGAGAGGACCAAGGCTG
222	GTCTCTTCCCCACAACAATATTCATGTGCCTAGACCAAGAAGTTATTATC
223	CACTTAATAGGTTAGCTGCTACCCTGCACTTTCAAAGCACTTTAGAGTCA
224	TGAATTCAAGTCTTTTGTTTTAAGAAGTACTAAGCAAACAAGCAATAAAA
225	CCTACCCAGCAGTCTAGGACCCTGGGCCAAGTGCTGGGACTATGGTACTA
226	AACTGAAGTAGCAAAATCATCTTTTTCATTCTTTAGGAAATAGCTATTGC
227	CAGCCTCATGTAGCACGAATAGGGGTGTGGTTCATGGCGTGTTGACCCAG
228	GCAGAACCCACCCCACCCCCCAGTGCAGACTTCGGGGTCTCCACCCCAGG
229	AACAAATGATAACCATACACAACACTAAAGGACGAACCTGATCTCTTATA
230	TAGGGGCCGGTGGACCTGCTCCAGCAGCTGGTGCTGCACCAGCAGGAGGT
231	GGGCCTTATGTAGCACCGAGCTCCCAGTATGTAACTTAACTTATATATAA
232	ACTCTATGTCCAGGCAAATAACTGTGTAGAAGCTAATGAATGGATAGACG
233	TGTGTCTTCCAACAAAGGTACGTCTTCCAACAAAGGTACGTCTTCCAACA
234	ACTAACAAAGCAAAAACCCTTGCTACATGGGCAACAAAAGAACTGAGGAA
235	ACATAGAAAAATCCACCCCTTACGAGTGCGGCTTCGACCCTATATCCCCC
236	ACATTATACCCAGTTTGCACTAACATGGGCCATTTGTAGCCCAACCTTCT
237	GAGCAGCTGTGGTGAGCAGCTGTGGTGGTGAGCAAATGTGGGCAGCTGTG
238	TTCACAGCCCTCGACTTTGCACTTAAAAAGGGATATTGTAAATGAAAGGC
239	TATGCATGAACCTGATGGAGTGGCCGGAGTCAGTGCAATTAGAAAGGCAG
240	CCAGTTTGGCTATGTATACGGGATCAGTGCAATTGGATGTCTAGGAATGT
241	CAAAGCCCCGTGGGCAAGAAACCACAGATCCCCCCATAGAAAGTGGGAGA
242	CATGACCTATGAATTCCTGCAGGAGCACTTTAACCCCCAGAGACGGTACA
243	TGAGTGGCTCACGCCTGCAATTCCAGCACTTTGGGAGACTGAGGTAGAAG
244	GCACTTGTTACAAACACACGATGCACCTTAACTCACCCACCACGAGGCAC
245	GTCACCAAGACCCTACTTCTAACCTCCCTGTTCTTATGAATTCGAACAGC
246	GCCACCTACTCATGCACCTAATTGGAAGCGCCACCCTAGCAATATCAACC
247	CGCTGTCGCCTTAATCCAAGCCTACGTTTTCACACTTCTAGTAAGCCTCT
248	TGAAAGTAATACCACTTAATAGGTTAGCTGCTACCCTGCACTTTCAAAGC
249	TTTGACGCAGAGTCTGATCCTAGCAATGCCCCTGGGAGTGGGACCGAAAA
250	TCATTCTAACCTGAATCGGAGGACAACCAGTAAGCTACCCTTTTACCATC
251	GTGACAACTGCACTGAATGACACTTTATTTTTTGGCTTTGGCTTATTATT
252	CTACCTTCCAGTTTAAACACTAGTGGTATTGTCAGATGCCGTTAGTATCT
253	AGCACTGCCGGCCTGCCTGCACTGCACTTGAATTCTTGCCGGGCCTCAGC
254	AGACCACCTGCACCAACAGCAACTGTACCTGCCCCACAGCCTCCAGTTAC
255	CAACCCCAAACTCTACATGTGTGTGTGTGAAGGTCTCTCCTGCGGTAATG
256	GTTTTTATACTACATGCCCTACTTGAACACTTATTGCACTTTTATTTATT
257	CACATATCCACATACACACAGGCACACACCACACAGAACATGCACACACC
258	ACACACTCAGACACACAGGCACTCTCCTGCACACACACACTCACACTCAG
259	ACACTGCACTGGGTACTTAAAGAAATTATTTCCCGTTGTAATTATAATTA
260	ATTAGTGAAGTTGTTTATATTGTATACCCAGCACTGTGCAGCACTTTTCC
261	CTTTATTTTTCTCGTAGATCTTTAGCTACTTTGGGGAGGAGGGAAGGTGC
262	GTACTGCTAGAAGCACTTTATGTTTCCTTTTTGGGTGAAATGGATTTATG
263	TATCTCCCTACCTGTGCTGAGTCAAGCCACTTTACCAGAATGTCTGATTT
264	GCATCATAATCCTCTCTCAAGGACTTCAAACTCTACTCCCACTAATAGCT
265	AAAAAAAGATTCTTTTGCATTTACCAATTTAGTAAAAATTTATTAAAACT
266	CCACCTCTCAACCTACCTGCATGATTTCTCACACATTTAATTGCATCTCT
267	CCCCTGCACACCCTAGCACAGAGCACTTTATGCAGTCATGTTGTGGAAGG
268	GGTCAGCGCGGGTCCCCAGGCCCACACCTGCACTGGAGGAAGGAGGTTGC
269	TAGTGTATAAATGTTGGGTCACTTACCTAAGAAATTGAGCTATTGTTCTT
270	TTTGTTTGCTGCTAATCCGTTATTTTAAGTGTTGTCAGAAGGAAATAACT
271	TCATGACTGTCATTTCCAAACGTGTGCTCTTCACACACATTTGCCAGACT
272	CACCTTATGTACCCTCCCCTGCCACACACACACACAATTCACTGACCTTG
273	CATGCACACATACAAGCATGCACACGGACACACATGCACACACACATGGA
274	AGACACACAGGCACTCTCCTGCACACACACACTCACACTCAGACACACAG
275	CACAGTTACATATGCACGGAAGACACACACCATGCACACAGATACAGACA
276	ACACATTCCATACACATACACACATTCCACACACATACACACACAGACAT
277	TCTAAACTCTTGCTCTTCACACACACACACACACACACACACACACACAC
278	GACACATGCCTCTCACAGAGACATTTCCCCACGCTCAGACACATGCCTGT
279	ATGCACAGCAACAGGCACACACAGACGCAGACATGCACAGATGGGCACAG
280	TGCTACTGAGGAGCCAGCGTCTAGGGCAGCAGCCGCTTCCTAGAAGACCA
281	CTACAGCTCCTGGAGATGAGGCAGCTAGCAGAGACTGAAGACGAGAATCC
282	CTACCGTATGGCCCACCATAATTACCCCCATACTCCTTACACTATTCCTC
283	GCTGAGCCCTCGGGAGCCGGTGCTGCCCCCACAGAAGATGGGGCCTATGG
284	GACCTCACACATACAGATCTCACACACACACACAGACCTCACACACCACA
285	TTCGGTGGTTAGCAATTAAAGACCCTGAGTTATGTGCAATAAATAGTAAA
286	AGACAACACCTATGAGGTGAAGATTGACAACAGCCAGGTGGAGTCCGGCT
287	AGATTGCCAACCGGGATGCAGAGAAGAAAGAAGGGCAGGAGAAAGAAGAG
288	TGGCATTGCCGACAGGATGCAGAAGGAGATCACTGCCCTGGCACCCAGCA
289	GTGGGCGTCCCATGCCTCCATCTAGAAGAGATTATGATGATATGAGCCCT
290	ATTGTTTGGCTAACACATCCCGAAGAATGATTTTGTCAGGAATTATTGTT
291	TGACCAAGATCCAGAAGCACCAGGAGCACATTCTGCGCTTTGCCTCTTGG
292	AAGACCCTTACATTTGGACAGTCAAGGTGCACAATTGTATGTGACCACAA
293	TACTTATATTTCACAGGGCACACTTTTGGCACACCTCAGAGCACACTGCT
294	GGCTTTGTCAGGGGTTCTGGAACAAGATAGAGTGCAGAGTTTGAAGGACA
295	CCCTGAGCAGGTTACAGTCCTCTCTGAGCCTCTGCTTCCCATCTGGACCC
296	ACACACCATACCACAAACACACGCACACCACCACATACAGATACATACCA
297	ATCTCCAGTCTGTACTTCATTAGGCGGAACATTGCTGTTTGAGATCTTGT
298	TATGAAGGCATCTGGCTCAGTGCCTGGTCCATAGTAACTGCTCAATAAAT
299	CATCAGGCAGCCCAGCAAATCATCGAACTCCAGGAAGCTGCACAAATCAA
300	GAGAGAAACCCTATACATGTAAAGAATGTGGCAAAGCCTTTAGTTATAGT
301	TTCTGTCATTATATTTTTTAAAAATTAAATGCTTCTGAATGTCCATACAA
302	GTTCCCTTAGCCGTCTTACTCAACTGCCCCTTTCCTCTCCCTCAGAATTT
303	ATCAACAACCGACTAATCACCACCCAACAATGACTAATCAAACTAACCTC
304	CCTCCTTTTACCCCTACCATGAGCCCTACAAACAACTAACCTGCCACTAA
305	AGAAGACCTGGAACAGCAGTTCCACTACCACCTGCGCGGGCTGCACACTG
306	AAATTCCACAGTGGGAAGAGCACAAGATCTAATCTGGTTCTAAGATTAGA
307	GTGGCTGGTGCATGTGGGTTTTGGGAGAATGCGAGAGCAGGGTTGGAATG
308	GCACACAAATGCACATGCAGGTACACATGCACACACAGGCACACACAGGG
309	AGAATATTTAATCCTTATTTATTAATCTCTTGCTGGAGTGGTGTAATGTA
310	TCAGCCTTGATAAATTGCACACTGCACTTTCTGAGTTATGCTTCTCTATA
311	AAGATACATTAGCCAAGCACTGTTGTAAGCACTTTACACATGTTGTTTCA
312	CCCATGGAACAGCACACACACTCCCACGAACAGCACACACACTCCCACGA
313	TGTCAGGCACTGTTCTAAGCACTTTACGTAGTAATTCATTTAATCTTCAT
314	TGGGCACTTACCATGTGCCAGGCACTGTCCCAAGCACTTTATGTGTATTA
315	CAGTCGCTTATACCTGCAATTCCAGCACTTTGGGAAGCTAAGGCAGGCAG
316	CACACACTGCACACACCCCACACACACTGCACACACACCATGTGCACACG
317	TCCTGCTTGCTGCACTCTTATTTTCATTTTCAACCAAAGGCCCTTTTCAG
318	GGAGGCCAAGACAGGTGGATCACTTGAGGTCAGGAGTTCAGGACCAGCCT
319	TCTAACACTTAACCATGTGTCAGGCATTGCACTAAGCACTTTACATACAT
320	GGAGTGAGAGAAGGACATAGGAAGAGCACACAGATCAAGAGACTGTGTCT
321	GGTTCCCTTCACTCTGCACTTTGTTCCCCCTCCTTATCCTGAGGCTTTTC
322	ACCTGCTAGGCACTTTACTTACGTTTTCTTATTTAATCCTTACAACAACC
323	TTGATTTCTGGCACAAGATATAGCAGGTTCACCTTGCACTTGCACTTTTT
324	CCTCTCTATACTAATCTCCCTACAAATCTCCTTAATTATAACATTCACAG
325	CTGAAGATCAACATGCCTGGCACTCTAGCACTTGAGGATAGCTGAATGAA
326	TCCCAGGTAGACATCTGCTTGCTTCTTCAAGAGGGCTTTGCACCTTGGCC
327	GGTAAAGGCACTAAAGTCACTTTAAAGCTTTTGGAGAAGCAGGAGGGCAT
328	AGAGGTGGGGCTGCACCAGACTCAGCACTAGCACTCCATCAGCACTAGCA
329	TCCATTAGGTTATCTTCCTGCTGGACTTCTGCACTTTAGACATCCCACAC
330	TCACGCCTGTGATCACAGCACTTTGGGAGGCTGAGGAAGGTGGATCGCTG
331	CAGAGCACGAGCACTTTACAGACTTCAACGCCACGTCGGCACTCTTCTGG
332	TACATGCCCTACTTGAACACTTATTGCACTTTTATTTATTGTTAACTGTG
333	CAATTTGCTGGATTTAAGCACTGCTGCACTTTATGAGGTTGGTAAATATT
334	TTGTTCCCATTTTTACAGCACACTTTGCACTTTAATGTCACAGATATGGC
335	GGCTGCCTTAGTGACAATACCACCTGCACAAAGCACTTTCATATCAGCAT
336	GGATACAATAGTAATTATTCATGGTTCTGCGTAACAGAGAAGACCCACTT
337	AATTTGCTGGATTTAAGCACTGCTGCACTTTATGAGGTTGGTAAATATTT
338	CTATCTTCAAAATGTATCCCATCCCATTACTTCTATAGAGGTGCTGAATG
339	CATCTCCTTACCCTCCTGCACTGCAGAGCCAGCTTAGTATCACTGCCAAC
340	AAATGGCTGTATTTATAAAGGTTTTTGGAGCTGCACCGAAGCATCTTATT
341	TCATGCACACACACGCACTCTTACCCCCACACCCACTCACACACACGCAC
342	AGACTCAGCACTAGCACTCCATCAGCACTAGCACCTCACTCCATCAGCAC
343	GCACAATGCCCTGGTCACTTGGCAAGCGGCTGGGCCTGACGGAGGCCGAG
344	GCAATATACCAGGTAACAAATGCACACATGCACCTTCTGAATTTAAAATA
345	AGCCTCATTTGATTCCTTCTATTTGCACAAGTCACCTTGGACTGCAGGGA
346	CCCAGCACTTGTTACAAACACACGATGCACCTTAACTCACCCACCACGAG
347	CCTTACAGTTTGCAAAGAACGTTCACACATTCTCATTTGAGTTTTGCATA
348	AATTCCATTCCACCAGTTATCACTTAGCCACTGTAATTTAAAAACAAACA
349	CAGGGCACCTATGAGGATTATGTCGAAGGACTTCGGGTGTTTGACAAGGA
350	ATTGTTGCTGCTTCAAAAATAAGTATAAAATTAATATGTAAGGAAGCCCA
351	TCACAACACCCTAGGCTCACTAAACATTCTACTACTCACTCTCACTGCCC
352	TATGAAATTTCTTCAGATATAATAAACCATGACTTTTTGGCTGCTCAACA
353	TAGCTTGTATAAGCTAGAAGAAGAAAACCATGAAGCTGCTACATGTCTGG
354	TTGTGAAATGCTGCTACCAGTTTACTAACAAAATTGCGAAGAAGGACCGC
355	AGGACTGGGCACCTGCCTCTGACAGACACCAGACCAGGTCCAGGGCCTCC
356	AGTATTAGGCTTTGGGGTGGGGGGAGGTCTGTAATGTGAAACAACTTCTT
357	GACTTCTCTTTTCTGGCTGCCCGTATGAATTATATGCAGAACCATCAAGC
358	CAAAGTGAAGAGAGAGATAGGAAGCTGCCTCGGGGCCACCCCTTGCAAAG
359	CAAGAAAGCTGCCAAAAGTGCTGCTAAGGCTGTGAAGCCCAAGGCCGCTA
360	ATCCCGCATGCAACATTCCTGTGATCACATAATCCTCTTCTTCATCCTCA
361	TTATGCAATTAGGTTTTTCCTTATTTGCTTCATTGTACTACCTGTGTATA
362	TCATCACCCAACTAAAAATATTAAACACAAACTACCACCTACCTCCCTCA
363	ACTTCTAACAGCCCTAGACCTCAACTACCTAACCAACAAACTTAAAATAA
364	TTATAAAGAAAAGAGTTTTAATGGGCTCACAGTTCTGCAGGCTTTATGGG
365	GCGGGCCGGCACCCGCAACATCTACTACCTGTGCGCCCCCAACCGTCACC
366	TTTGGAATGTGACCGTCTGTCCTTCAGGAGAGGACACCAGGGTGGGGGTG
367	TATGGCCCACCATAATTACCCCCATACTCCTTACACTATTCCTCATCACC
368	CAAAATCAACTCAAGAAAGGGAAAGAGAGAAGGAGCCATCCAGAGAAAGA
369	TCCTAATCACATAACCTATTCCCCCGAGCAATCTCAATTACAATATATAC
370	TGGGTAAAATGTATAGGCAGGAGAAGGTGGTAGAGAGTAGATTGGTTGGT
371	CATGACCCCAGGCCAGGCTTTGCGGCACCCCTGGCTGAGGAGGCGGTTGC
372	CCCTACTAAACCCCATTAAACGCCTGGCAGCCGGAAGCCTATTCGCAGGA
373	GTTGCAGGGCCGAGGACAAAATGAAGTGCAATTATAAAATTATTAAGAAT
374	GGGAGGGACCCGCCAGCGGAGACCCAGCCTCAGAACCCACCGGCCCAGCC
375	GGCACACCTACACCCCTTATCCCCATACTAGTTATTATCGAAACCATCAG
376	ATTTCATAACCAGGCCGGACCACGTGCAATAGGGTGGAAACCAAACTGCT
377	GCTCTCCAAGACCAGCCGGGCCCTGGTGGCCGACAGCCATCCTGAAAGGT
378	TTAATTTTTTTGCCTTACTTTCATGTGCAATGAGAATTACTTAAGAATTG
379	GACCATGGGCTACTACTGGGCATTAGTGCAATATAACAGCGATAATAAAA
380	CTCAAGCTCTTTATGTGGGCTGTGCAATGCTTTCTTCTCAGAAGACACAG
381	TAATCCTTGTTTTTAAAGAAAGGAAATGTGCAATATTGAAGTGATCTTTT
382	ATTCTCTTTTTGAAAATAGTATAAACAGGCCATGCATATAATGTACAGTG
383	AAGGGTGCAAAGGGATAGTAAAGAAAGCATGTTTGAGATCTAGAACAGAA
384	TGAAAAGTTAAAACCGGGATATGTGCAATAGAAATATATATATATATATG
385	GGCCTGGGACGTGCAAGGTGAGGCTGCCTGGAGTGGTCAAGTGGGACCGA
386	GGGCAGACTTTAATCGGGGTGGTGGCAATGGTCGTGGAGGCCGAGGGCGA
387	TTGCAAGCAGAGGTTATCCCAGATCCAATGGAGGGAGAGCAAACCTGGCC
388	TCACAGGACTTGGGAGATTCTAAATCTTAAGTGCAATTATTTTTAATAAA
389	CACATGGACACAGAGAGGGGAAGAGCACACGCTGGAGCCTGTCATCGGTG
390	GGCTGGAGGACAGTGGTGCAATCACGGCTCACTGCAGCCTCAACCTGCCA
391	TGCGGCAGCTTATACCTATAGTCCCAGCATTTGCGGAGGCCAAGGCAAGA
392	TTATGGGTCTACAGGCATTCGGGACGTGCACCTCGAGCTGAAGGACCTGA
393	GATGTCGGGAGACCTAGATGACCTTATCGGGTGCAATACTAGCTAAGGTA
394	TACCATGGCTGGGACTTACAGTGCAATATTGAATAGGAGTGATAAGAGCA
395	TTGGCAGGAATTTAGATAATGGGCTGTGTGCAATGTAAGGATAAAGAAGC
396	AAAGATGCTGGGGAATGTGCAATATGCCTTGAAGAATTGCAGCAGGGAGA
397	CGCATGTGAGTTGGGTCAAGTGCATTGGACCTAGGGAAAGAGAAAGAAAG
398	ACTGCAGGCCACCTACTCATGCACCTAATTGGAAGCGCCACCCTAGCAAT
399	TCAGGGGGTTGTGTCCCAGGCTGGGAAAGATGACAGAGAGAGTAAGTTGG
400	TGCAGGCAGGGCCTTATTAGCTAGAGAACTAGGGAGTTAGGTCAGTCACT
401	AAACTGACGGAGGAGAGGGACGGCAGCCTGAACCAGAGCTCTGGGTACCG
402	TTCTAACTACGGTCCAATGAAGAGTGGAAACTTTGGTGGTAGCAGGAACA
403	AATATGGGAATAATGACACCCTGGGTTCTGTACGCACTGAATTCATGAAC
404	TATTTTGAGGTAATAATCAGAAGAGCACACAGATGATTGCGGGCATTGAC
405	TGTACCACATGTTCTTACTGCCATCACCCAGCAACTCTCCCCCAGCTCTG
406	CTTCTCTCCTCTGCTCCTCTGCTCTTCTGCTCCTCTGCTCTTCTGCTCAT
407	CAGAAAGAAGGGCAACTTCTCTTCTGAGAGCAGAGCAAGTAGATCCAAGG
408	CCCTTTATTATAGATCCCTTGCTCTTCTGCTCTCTCACTTAAATGCTCTC
409	CAGTCTCTACATTGGGTCCAGACGTTGCTCTTCTTGATCCAGAGATCCAT
410	GCAGAGCTGCCGTCTCTGCTCTTCTCTCTCTTCTTCTCAGAAGAGGTGGC
411	CTGTCCTTGCCCATCTCTTGCTCTTCTCTCTCTCTGCTCCTCTGTTCTCA
412	GTAGCTTAGGCCCTTTGCTCTTCTGCTCCTCTGTTCTTCTGCCATGTGAG
413	CTCTCTCTTCTCTCTCTCCTCTCTCTCTCTTCTCTCTCTCTCTTCCTCTA
414	GAGCCAGAAGATAGCTGTGAAGTCGAGAGGCACAGCCGCTAGCTGGAGGA
415	GGCTATTCAAAATAAGGACCGGGCAAAAGTAGAATTTAATATCCGAAAAC
416	CGCCGCGACCCCTCCTCAGCCCTGGGCGCGCGCACGCTGGGGCCCCGCGG
417	TTCCTCTTCAACATGTACCTCACCCGGGACCGGCGCTACGAGGTGGCCAG
418	AGTTTCTCTGGCTGCTCTGAAAAAAGCGTTGGCTGCCGCCGGCTATGATG
419	TTATCCTAACTACTACCGCATTCCTACTACTCAACTTAAACTCCAGCACC
420	TCACTATACTACTAACAGACCGCAACCTCAACACCACCTTCTTCGACCCC
421	AACACATATGGCCTAGACTACGTACATAACCTAAACCTACTCCAATGCTA
422	ATCTCTAAACTCTTGCTCTTCACACACACACACACACACACACACACACA
423	TAAAATAACCCGGTGAAGCAGCCGAGACCGACCCGCCCGCCCGCGGCCCC
424	GGCTGGGGACGGCAAGTCCTTGGGAGCCACCGGCGGTGAACTGGGCCTCA
425	TCCACGTCTTCCAGAAAATATATGTCTTCCAACTAAGCTACGTCTTCCAA
426	AGCCTGGGCAACACAGCGAGTCTCTGTCTTCCAAAAGAAAAAAAAAATCT
427	CCTTTAGTCTTCCTCCAAGCTCCAGAGCCATTGGTACAAATGCTTTATTG
428	TCATTGTTAAGGTTGTGGATGATGGACCCGGAGCACATAAATAGTATGGC
429	CGGGTCTTCCAGCGACTTCAAGTCTTCCAATAATCTCAAGGTCTTCCAGA
430	CCAGAAAATCCATGTCTTCCAGAAAATCCATGTCTTCCAGTAACCTCCCA
431	CAAAGCCATGTCTTCCAGACTATCCATGTCTTCCAGAAAATCCTTGTCTT
432	CCCTCAAATCCATAGCTTCCGAAAAATCCAGGTCTTCCAGGAAATCCGTG
433	AATCCGTGTCTTCCAGCAAATCCACGTCTTCCAACAAAGCCATGTCTTCC
434	TCCAACAAAGGTACGTCTTCCAACAAAGGTATGTCTTCCAACAAAGGTAC
435	AACTAAGCTACGTCTTCCAACAAATCCATGTCTTCCTATATCTCCAGGTC
436	TCAACCATTAACCTTCCCTCTACACTTATCATCTTCACAATTCTAATTCT
437	TATACTGAATCCTTAGAAAGGAAGAGCACACGAGGTCACTATAACCTGTG
438	TTCCAGACAAGGCAACAGTGTTTACAGATGAAGAGTCCTACTCTTTTGAG
439	TGTAGATGGAACATGTTTCTGTGAACCTATCAGTGGATTTCATTCTCTTG
440	TGATAAGAGGGTTGTGTTGGTGGCACCTCCACTACTCTTTTCTGTTTGTT
441	GCAGTGTTTGTGTGCACGTGTGTGCGTCAGGCAGTGCGTGGTGTGGTGGT
442	AGAAGAAAGAGAGGAAGTAAAGTTTAATTATGCCTTTTTGGGTTGAGGTG
443	GATAATGCACCAGTGCAGGGAGAGTGTGGGAGATGCTATCAAGCATTTGA
444	TAATGGGGTTTAGTAGGGTGGGGTTATTTTCGTTAATGTTAGTAAGGGTG
445	TCATTTGATTTTGCATTTTGCACTTCCTCCCAGGATATTTTTTTGGTCAA
446	TCCTCCACATTTGTTTTGCCAATTTGCACATTAAATGACTCTTCCCTCAA
447	TCACAGGCAGCCAACAAGCAATTAAGAGCAGTTATAATAGAGGAAGCTGG
448	GCAAAAAGAAACAGCATATTTGCCACATCCAAGGCTGTGGGAAAGTGTAT
449	ACACTGACTAAGGAACTGCAGCATTTGCACAGGGGAGGGGGGTGCCCTCC
450	CCGAAGGTTGGATGTGTTGGCAAAACTGATCTAGAATTGGAGTTGCCTTT
451	GAAGGCTAAATGGGGCCATGAAGAAGGCTGGAAGGGACAGGGGGTGATGG
452	CTCCACCTCCTATTCTTGCACGAAACGGGATCAAACAACCCCCTAGGAAT
453	CATATGCACACAGGTACACACAGACACACACTCATGCACACACGTACACA
454	CCACACAGACCAGACTTCGGAGACCGCACCAGACGCATCGGTGCCACCCA
455	GTTTGCTGTATGCATTGTATCTAATCAAGGAATTGAGAATGTAGCCCTAA
456	ACTTTTGCACAAAAGGTTCACTTGGTGACTCTCATGCCTCCATAAGTGTG
457	ACTTTTAAATGCATTTTTGCACACACTATCCCTCCTTCCTAGAATGTCCA
458	AACAGCAGCAGAGTGAGTGGATTTTATTTTTCGTTATTGTTGGTGGTTTA
459	GCGAAAAGATAAACCTGGAGATATTATAAGGGAGAGCTGAGCCAGTTGTC
460	CCAAAACATATCAGTTTGAATACTTGAATCATGCAGGCCAATATTATAAT
461	TCACCAGACCCCCCAAGCTCCCACTACTTCTTCCATAATAATAGTAATAA
462	TACCACTTTACTTGAATTACATTAACCTAGAAAACTACATAGGTTATTTT
463	GAAAGCTTGATTAAGAGTTCTTCCATATACTAGCCTCCTTGGAAGAAGTG
464	CGCTCGCTTCACGGCGCTGGGACCCGGGCTGGAAGGCAGGGCATCAGCTA
465	GTGGACGGCTAAATGAACCTATTAAAGTCTTGTGTCGGAGAGTTGAAATA
466	ACACAAAGCATATTCACACCGAGCATATTACAAGCATATTCACACCAAGC
467	CTCTTCACAGAAAAAGCACAAACCTATTATGAGACATTAGAGAAGAATGA
468	CTCACACACCACCCACACACAGATGCCACCGCAGATACACACACACTGCA
469	TTCACTAGTGGGCAGAGACAAGTTCTAATTGTATTACAGCACAAACAAAA
470	ACCCACGGACGCACAGACACAGACACAGGCACACACACATATACCCATCC
471	ACGCACAGAAACACACATACCCTCACACATATGCAAGCACACACCACAGA
472	ATCCACATCTTCCGGAAAAAATCCAGGTCTTCCAGCCAATATATGTCTTC
473	CCCAGGCGGAGTGTGAGGACCAGCTGGATGCACAGGAGCGAGCAGCCCGC
474	TGGAAAAAATGAGCCGTGCCAAAGTCTCCCTTCTGTTTCTTCAGCACATT
